contract_address,request_index,action,nib,tx_hash,block_number,block_hash,network,tx_index,log_index
0x5fbdb2315678afecb367f032d93f642f64180aa3,0,0,10.15.22.05.1.00001,0x68f0cb50fe6add469bcc2146f5caaf4892f5127d40fcfbb3ce1c9a05757c76f1,2,0xba7067fc51a6053e85fb732b266ad47abfa82c504e2bbaf0c98646c88485d5c1,anvil
0x5fbdb2315678afecb367f032d93f642f64180aa3,1,0,10.15.22.05.1.00002,0xbe1f56b9bbd87e39d65e7b7da3603f6da02cb7af353f78070d4571f664ce30c9,7,0x6dd465810aaa004392091f7e59e007cd2687e81fdddce7c52f3ed3b87c78d984,anvil
