contract_address,request_index,action,nib,tx_hash,block_number,block_hash,network,tx_index,log_index
0x5fbdb2315678afecb367f032d93f642f64180aa3,0,0,10.15.22.05.1.00001,0x93c429c6cd30eb6427a24b2b2a965bfc09389f402f12a07d21079bca899c9496,2,0x19057fd7502967b47f025a4d7ce45e1936375afea0c160e1b3fa70fd1faeae18,anvil
0x5fbdb2315678afecb367f032d93f642f64180aa3,1,0,10.15.22.05.1.00002,0xa7df8d9956f26eff66bad6d48dd225242fd16f65d49809b83e8fa20e78dbecbf,6,0x32416202c2362b10f97cd7b071cd0de3a54c973b70d6b7ce2e539ec240119ec0,anvil
